Variable_Type,Feature,Epoch,Weight
known,Healthcare_Index_Tier_X_hospitals,0,0.14676768
known,Healthcare_Index_Workforce_capacity,0,0.111579336
known,Healthcare_Index_Bed_availability_per_capita,0,0.09864086
known,Healthcare_Index_Expenditure_per_capita,0,0.12729658
known,Immunization_Coverage,0,0.12043305
known,Economic_Index_Budget_allocation_per_capita,0,0.13165675
known,Economic_Index_Fraction_of_total_budget,0,0.1146961
known,Political_Stability_Index,0,0.14892963
known,Healthcare_Index_Tier_X_hospitals,1,0.15653591
known,Healthcare_Index_Workforce_capacity,1,0.11430776
known,Healthcare_Index_Bed_availability_per_capita,1,0.10316541
known,Healthcare_Index_Expenditure_per_capita,1,0.12065868
known,Immunization_Coverage,1,0.11947845
known,Economic_Index_Budget_allocation_per_capita,1,0.129476
known,Economic_Index_Fraction_of_total_budget,1,0.10626699
known,Political_Stability_Index,1,0.15011075
known,Healthcare_Index_Tier_X_hospitals,2,0.14505732
known,Healthcare_Index_Workforce_capacity,2,0.11077235
known,Healthcare_Index_Bed_availability_per_capita,2,0.10472958
known,Healthcare_Index_Expenditure_per_capita,2,0.13040076
known,Immunization_Coverage,2,0.12529562
known,Economic_Index_Budget_allocation_per_capita,2,0.12823763
known,Economic_Index_Fraction_of_total_budget,2,0.11009954
known,Political_Stability_Index,2,0.1454072
known,Healthcare_Index_Tier_X_hospitals,3,0.1492346
known,Healthcare_Index_Workforce_capacity,3,0.11660645
known,Healthcare_Index_Bed_availability_per_capita,3,0.10055821
known,Healthcare_Index_Expenditure_per_capita,3,0.12462734
known,Immunization_Coverage,3,0.12294272
known,Economic_Index_Budget_allocation_per_capita,3,0.13031937
known,Economic_Index_Fraction_of_total_budget,3,0.10898618
known,Political_Stability_Index,3,0.14672518
known,Healthcare_Index_Tier_X_hospitals,4,0.14838725
known,Healthcare_Index_Workforce_capacity,4,0.11443812
known,Healthcare_Index_Bed_availability_per_capita,4,0.106944285
known,Healthcare_Index_Expenditure_per_capita,4,0.12237098
known,Immunization_Coverage,4,0.120364904
known,Economic_Index_Budget_allocation_per_capita,4,0.1281285
known,Economic_Index_Fraction_of_total_budget,4,0.11001551
known,Political_Stability_Index,4,0.14935045
known,Healthcare_Index_Tier_X_hospitals,5,0.1507248
known,Healthcare_Index_Workforce_capacity,5,0.11245869
known,Healthcare_Index_Bed_availability_per_capita,5,0.10209747
known,Healthcare_Index_Expenditure_per_capita,5,0.1256282
known,Immunization_Coverage,5,0.11685381
known,Economic_Index_Budget_allocation_per_capita,5,0.13439709
known,Economic_Index_Fraction_of_total_budget,5,0.10969268
known,Political_Stability_Index,5,0.14814727
known,Healthcare_Index_Tier_X_hospitals,6,0.14618549
known,Healthcare_Index_Workforce_capacity,6,0.11381974
known,Healthcare_Index_Bed_availability_per_capita,6,0.10794975
known,Healthcare_Index_Expenditure_per_capita,6,0.11964528
known,Immunization_Coverage,6,0.12687847
known,Economic_Index_Budget_allocation_per_capita,6,0.13068041
known,Economic_Index_Fraction_of_total_budget,6,0.10840062
known,Political_Stability_Index,6,0.14644027
known,Healthcare_Index_Tier_X_hospitals,7,0.15174823
known,Healthcare_Index_Workforce_capacity,7,0.11205615
known,Healthcare_Index_Bed_availability_per_capita,7,0.096913025
known,Healthcare_Index_Expenditure_per_capita,7,0.12796514
known,Immunization_Coverage,7,0.12433739
known,Economic_Index_Budget_allocation_per_capita,7,0.12903365
known,Economic_Index_Fraction_of_total_budget,7,0.108027816
known,Political_Stability_Index,7,0.14991859
known,Healthcare_Index_Tier_X_hospitals,8,0.14989804
known,Healthcare_Index_Workforce_capacity,8,0.11177705
known,Healthcare_Index_Bed_availability_per_capita,8,0.099207774
known,Healthcare_Index_Expenditure_per_capita,8,0.1283652
known,Immunization_Coverage,8,0.119250074
known,Economic_Index_Budget_allocation_per_capita,8,0.13129465
known,Economic_Index_Fraction_of_total_budget,8,0.11067215
known,Political_Stability_Index,8,0.14953507
known,Healthcare_Index_Tier_X_hospitals,9,0.15022384
known,Healthcare_Index_Workforce_capacity,9,0.11231412
known,Healthcare_Index_Bed_availability_per_capita,9,0.10254355
known,Healthcare_Index_Expenditure_per_capita,9,0.118711986
known,Immunization_Coverage,9,0.12501307
known,Economic_Index_Budget_allocation_per_capita,9,0.12986448
known,Economic_Index_Fraction_of_total_budget,9,0.109266855
known,Political_Stability_Index,9,0.1520621
known,Healthcare_Index_Tier_X_hospitals,10,0.15022466
known,Healthcare_Index_Workforce_capacity,10,0.11477651
known,Healthcare_Index_Bed_availability_per_capita,10,0.09972535
known,Healthcare_Index_Expenditure_per_capita,10,0.11986853
known,Immunization_Coverage,10,0.124312654
known,Economic_Index_Budget_allocation_per_capita,10,0.13250898
known,Economic_Index_Fraction_of_total_budget,10,0.10866251
known,Political_Stability_Index,10,0.1499208
known,Healthcare_Index_Tier_X_hospitals,11,0.14977017
known,Healthcare_Index_Workforce_capacity,11,0.11496019
known,Healthcare_Index_Bed_availability_per_capita,11,0.10048328
known,Healthcare_Index_Expenditure_per_capita,11,0.118223764
known,Immunization_Coverage,11,0.12514372
known,Economic_Index_Budget_allocation_per_capita,11,0.13277648
known,Economic_Index_Fraction_of_total_budget,11,0.10743517
known,Political_Stability_Index,11,0.15120724
known,Healthcare_Index_Tier_X_hospitals,12,0.15273519
known,Healthcare_Index_Workforce_capacity,12,0.11251223
known,Healthcare_Index_Bed_availability_per_capita,12,0.101034366
known,Healthcare_Index_Expenditure_per_capita,12,0.122987114
known,Immunization_Coverage,12,0.11921301
known,Economic_Index_Budget_allocation_per_capita,12,0.13296011
known,Economic_Index_Fraction_of_total_budget,12,0.108434595
known,Political_Stability_Index,12,0.15012339
known,Healthcare_Index_Tier_X_hospitals,13,0.14979924
known,Healthcare_Index_Workforce_capacity,13,0.11262067
known,Healthcare_Index_Bed_availability_per_capita,13,0.09969046
known,Healthcare_Index_Expenditure_per_capita,13,0.12630197
known,Immunization_Coverage,13,0.121888734
known,Economic_Index_Budget_allocation_per_capita,13,0.12786222
known,Economic_Index_Fraction_of_total_budget,13,0.11266569
known,Political_Stability_Index,13,0.14917102
known,Healthcare_Index_Tier_X_hospitals,14,0.15104388
known,Healthcare_Index_Workforce_capacity,14,0.11590054
known,Healthcare_Index_Bed_availability_per_capita,14,0.09786341
known,Healthcare_Index_Expenditure_per_capita,14,0.12568924
known,Immunization_Coverage,14,0.12292452
known,Economic_Index_Budget_allocation_per_capita,14,0.13272229
known,Economic_Index_Fraction_of_total_budget,14,0.10850378
known,Political_Stability_Index,14,0.14535236
known,Healthcare_Index_Tier_X_hospitals,15,0.14989313
known,Healthcare_Index_Workforce_capacity,15,0.11505236
known,Healthcare_Index_Bed_availability_per_capita,15,0.09796317
known,Healthcare_Index_Expenditure_per_capita,15,0.12451436
known,Immunization_Coverage,15,0.12620237
known,Economic_Index_Budget_allocation_per_capita,15,0.13074853
known,Economic_Index_Fraction_of_total_budget,15,0.10939094
known,Political_Stability_Index,15,0.14623517
known,Healthcare_Index_Tier_X_hospitals,16,0.14827287
known,Healthcare_Index_Workforce_capacity,16,0.11309235
known,Healthcare_Index_Bed_availability_per_capita,16,0.09475909
known,Healthcare_Index_Expenditure_per_capita,16,0.12502941
known,Immunization_Coverage,16,0.12494359
known,Economic_Index_Budget_allocation_per_capita,16,0.13839817
known,Economic_Index_Fraction_of_total_budget,16,0.11111345
known,Political_Stability_Index,16,0.14439113
known,Healthcare_Index_Tier_X_hospitals,17,0.15559971
known,Healthcare_Index_Workforce_capacity,17,0.115563594
known,Healthcare_Index_Bed_availability_per_capita,17,0.09673222
known,Healthcare_Index_Expenditure_per_capita,17,0.124732256
known,Immunization_Coverage,17,0.11989577
known,Economic_Index_Budget_allocation_per_capita,17,0.12833948
known,Economic_Index_Fraction_of_total_budget,17,0.1094947
known,Political_Stability_Index,17,0.14964229
known,Healthcare_Index_Tier_X_hospitals,18,0.14924183
known,Healthcare_Index_Workforce_capacity,18,0.11442491
known,Healthcare_Index_Bed_availability_per_capita,18,0.10195984
known,Healthcare_Index_Expenditure_per_capita,18,0.12530014
known,Immunization_Coverage,18,0.12569976
known,Economic_Index_Budget_allocation_per_capita,18,0.12876865
known,Economic_Index_Fraction_of_total_budget,18,0.10834466
known,Political_Stability_Index,18,0.14626019
known,Healthcare_Index_Tier_X_hospitals,19,0.15042749
known,Healthcare_Index_Workforce_capacity,19,0.11437378
known,Healthcare_Index_Bed_availability_per_capita,19,0.10455455
known,Healthcare_Index_Expenditure_per_capita,19,0.1252741
known,Immunization_Coverage,19,0.124092974
known,Economic_Index_Budget_allocation_per_capita,19,0.124203525
known,Economic_Index_Fraction_of_total_budget,19,0.11248044
known,Political_Stability_Index,19,0.14459316
known,Healthcare_Index_Tier_X_hospitals,20,0.15094689
known,Healthcare_Index_Workforce_capacity,20,0.11710475
known,Healthcare_Index_Bed_availability_per_capita,20,0.106530234
known,Healthcare_Index_Expenditure_per_capita,20,0.12297215
known,Immunization_Coverage,20,0.11959138
known,Economic_Index_Budget_allocation_per_capita,20,0.12816986
known,Economic_Index_Fraction_of_total_budget,20,0.1056569
known,Political_Stability_Index,20,0.14902782
known,Healthcare_Index_Tier_X_hospitals,21,0.15193404
known,Healthcare_Index_Workforce_capacity,21,0.11251329
known,Healthcare_Index_Bed_availability_per_capita,21,0.095285766
known,Healthcare_Index_Expenditure_per_capita,21,0.12706795
known,Immunization_Coverage,21,0.12067665
known,Economic_Index_Budget_allocation_per_capita,21,0.13209464
known,Economic_Index_Fraction_of_total_budget,21,0.10966279
known,Political_Stability_Index,21,0.15076487
known,Healthcare_Index_Tier_X_hospitals,22,0.14937626
known,Healthcare_Index_Workforce_capacity,22,0.11386716
known,Healthcare_Index_Bed_availability_per_capita,22,0.10101952
known,Healthcare_Index_Expenditure_per_capita,22,0.12778427
known,Immunization_Coverage,22,0.114888944
known,Economic_Index_Budget_allocation_per_capita,22,0.13360022
known,Economic_Index_Fraction_of_total_budget,22,0.11528738
known,Political_Stability_Index,22,0.14417624
known,Healthcare_Index_Tier_X_hospitals,23,0.15427539
known,Healthcare_Index_Workforce_capacity,23,0.10653093
known,Healthcare_Index_Bed_availability_per_capita,23,0.102033876
known,Healthcare_Index_Expenditure_per_capita,23,0.12724492
known,Immunization_Coverage,23,0.12605503
known,Economic_Index_Budget_allocation_per_capita,23,0.13169673
known,Economic_Index_Fraction_of_total_budget,23,0.10369996
known,Political_Stability_Index,23,0.14846313
known,Healthcare_Index_Tier_X_hospitals,24,0.1502392
known,Healthcare_Index_Workforce_capacity,24,0.116357625
known,Healthcare_Index_Bed_availability_per_capita,24,0.100589655
known,Healthcare_Index_Expenditure_per_capita,24,0.124497674
known,Immunization_Coverage,24,0.11921104
known,Economic_Index_Budget_allocation_per_capita,24,0.13254336
known,Economic_Index_Fraction_of_total_budget,24,0.10708477
known,Political_Stability_Index,24,0.14947672
known,Healthcare_Index_Tier_X_hospitals,25,0.15332298
known,Healthcare_Index_Workforce_capacity,25,0.115329996
known,Healthcare_Index_Bed_availability_per_capita,25,0.09935663
known,Healthcare_Index_Expenditure_per_capita,25,0.12626137
known,Immunization_Coverage,25,0.1206732
known,Economic_Index_Budget_allocation_per_capita,25,0.12767836
known,Economic_Index_Fraction_of_total_budget,25,0.10992702
known,Political_Stability_Index,25,0.14745048
known,Healthcare_Index_Tier_X_hospitals,26,0.1516091
known,Healthcare_Index_Workforce_capacity,26,0.116180934
known,Healthcare_Index_Bed_availability_per_capita,26,0.10022376
known,Healthcare_Index_Expenditure_per_capita,26,0.12346186
known,Immunization_Coverage,26,0.12347265
known,Economic_Index_Budget_allocation_per_capita,26,0.13353305
known,Economic_Index_Fraction_of_total_budget,26,0.1052963
known,Political_Stability_Index,26,0.14622234
known,Healthcare_Index_Tier_X_hospitals,27,0.15272295
known,Healthcare_Index_Workforce_capacity,27,0.10997572
known,Healthcare_Index_Bed_availability_per_capita,27,0.10088726
known,Healthcare_Index_Expenditure_per_capita,27,0.12043109
known,Immunization_Coverage,27,0.12766658
known,Economic_Index_Budget_allocation_per_capita,27,0.12641676
known,Economic_Index_Fraction_of_total_budget,27,0.10821082
known,Political_Stability_Index,27,0.15368886
known,Healthcare_Index_Tier_X_hospitals,28,0.1531104
known,Healthcare_Index_Workforce_capacity,28,0.11315471
known,Healthcare_Index_Bed_availability_per_capita,28,0.10426333
known,Healthcare_Index_Expenditure_per_capita,28,0.123388864
known,Immunization_Coverage,28,0.12179246
known,Economic_Index_Budget_allocation_per_capita,28,0.12448953
known,Economic_Index_Fraction_of_total_budget,28,0.11271049
known,Political_Stability_Index,28,0.14709017
known,Healthcare_Index_Tier_X_hospitals,29,0.15073107
known,Healthcare_Index_Workforce_capacity,29,0.11219698
known,Healthcare_Index_Bed_availability_per_capita,29,0.10090599
known,Healthcare_Index_Expenditure_per_capita,29,0.12064369
known,Immunization_Coverage,29,0.12428354
known,Economic_Index_Budget_allocation_per_capita,29,0.13496986
known,Economic_Index_Fraction_of_total_budget,29,0.10756725
known,Political_Stability_Index,29,0.14870165
static,Endemic_Potential_R0,0,0.081081524
static,Endemic_Potential_Duration,0,0.09638353
static,Demography_Urban_Rural_Split,0,0.07925477
static,Demography_Population_Density,0,0.08573689
static,Environmental_Index,0,0.09463039
static,Socio_economic_Gini_Index,0,0.073079266
static,Socio_economic_Poverty_Rates,0,0.08076299
static,Communication_Affordability,0,0.09937779
static,Socio_economic_GDP_per_capita,0,0.11449798
static,Socio_economic_Employment_Rates,0,0.11626234
static,Socio_economic_Education_Levels,0,0.0789325
static,Endemic_Potential_R0,1,0.08099628
static,Endemic_Potential_Duration,1,0.09457505
static,Demography_Urban_Rural_Split,1,0.08124953
static,Demography_Population_Density,1,0.085650004
static,Environmental_Index,1,0.093991466
static,Socio_economic_Gini_Index,1,0.074531145
static,Socio_economic_Poverty_Rates,1,0.08083321
static,Communication_Affordability,1,0.09939659
static,Socio_economic_GDP_per_capita,1,0.114218414
static,Socio_economic_Employment_Rates,1,0.1170755
static,Socio_economic_Education_Levels,1,0.077482834
static,Endemic_Potential_R0,2,0.07941742
static,Endemic_Potential_Duration,2,0.09584317
static,Demography_Urban_Rural_Split,2,0.08202223
static,Demography_Population_Density,2,0.08666601
static,Environmental_Index,2,0.09286653
static,Socio_economic_Gini_Index,2,0.07510151
static,Socio_economic_Poverty_Rates,2,0.07986732
static,Communication_Affordability,2,0.10052683
static,Socio_economic_GDP_per_capita,2,0.11582823
static,Socio_economic_Employment_Rates,2,0.11355631
static,Socio_economic_Education_Levels,2,0.07830444
static,Endemic_Potential_R0,3,0.08095149
static,Endemic_Potential_Duration,3,0.09448551
static,Demography_Urban_Rural_Split,3,0.078331195
static,Demography_Population_Density,3,0.08539416
static,Environmental_Index,3,0.09124845
static,Socio_economic_Gini_Index,3,0.0756477
static,Socio_economic_Poverty_Rates,3,0.08209072
static,Communication_Affordability,3,0.10059152
static,Socio_economic_GDP_per_capita,3,0.11745913
static,Socio_economic_Employment_Rates,3,0.11592193
static,Socio_economic_Education_Levels,3,0.07787817
static,Endemic_Potential_R0,4,0.07934416
static,Endemic_Potential_Duration,4,0.09674653
static,Demography_Urban_Rural_Split,4,0.08163452
static,Demography_Population_Density,4,0.08417084
static,Environmental_Index,4,0.09320888
static,Socio_economic_Gini_Index,4,0.07369772
static,Socio_economic_Poverty_Rates,4,0.083078325
static,Communication_Affordability,4,0.10067973
static,Socio_economic_GDP_per_capita,4,0.11211566
static,Socio_economic_Employment_Rates,4,0.11564322
static,Socio_economic_Education_Levels,4,0.07968043
static,Endemic_Potential_R0,5,0.0779931
static,Endemic_Potential_Duration,5,0.0928853
static,Demography_Urban_Rural_Split,5,0.0856339
static,Demography_Population_Density,5,0.08520996
static,Environmental_Index,5,0.09397397
static,Socio_economic_Gini_Index,5,0.075298846
static,Socio_economic_Poverty_Rates,5,0.083506554
static,Communication_Affordability,5,0.09843911
static,Socio_economic_GDP_per_capita,5,0.1157622
static,Socio_economic_Employment_Rates,5,0.11216847
static,Socio_economic_Education_Levels,5,0.07912863
static,Endemic_Potential_R0,6,0.081276014
static,Endemic_Potential_Duration,6,0.09643284
static,Demography_Urban_Rural_Split,6,0.081868544
static,Demography_Population_Density,6,0.08549154
static,Environmental_Index,6,0.0917618
static,Socio_economic_Gini_Index,6,0.078482375
static,Socio_economic_Poverty_Rates,6,0.08114895
static,Communication_Affordability,6,0.10086806
static,Socio_economic_GDP_per_capita,6,0.11154578
static,Socio_economic_Employment_Rates,6,0.11388268
static,Socio_economic_Education_Levels,6,0.07724141
static,Endemic_Potential_R0,7,0.079905644
static,Endemic_Potential_Duration,7,0.09751763
static,Demography_Urban_Rural_Split,7,0.08169081
static,Demography_Population_Density,7,0.086945064
static,Environmental_Index,7,0.09296487
static,Socio_economic_Gini_Index,7,0.07714063
static,Socio_economic_Poverty_Rates,7,0.080291696
static,Communication_Affordability,7,0.09896444
static,Socio_economic_GDP_per_capita,7,0.114202306
static,Socio_economic_Employment_Rates,7,0.11208682
static,Socio_economic_Education_Levels,7,0.07829009
static,Endemic_Potential_R0,8,0.07867302
static,Endemic_Potential_Duration,8,0.09542568
static,Demography_Urban_Rural_Split,8,0.081627734
static,Demography_Population_Density,8,0.08437716
static,Environmental_Index,8,0.093159676
static,Socio_economic_Gini_Index,8,0.07869437
static,Socio_economic_Poverty_Rates,8,0.07846447
static,Communication_Affordability,8,0.102677904
static,Socio_economic_GDP_per_capita,8,0.115198866
static,Socio_economic_Employment_Rates,8,0.11507785
static,Socio_economic_Education_Levels,8,0.07662322
static,Endemic_Potential_R0,9,0.078408815
static,Endemic_Potential_Duration,9,0.097299054
static,Demography_Urban_Rural_Split,9,0.08164384
static,Demography_Population_Density,9,0.08547064
static,Environmental_Index,9,0.095064804
static,Socio_economic_Gini_Index,9,0.07637224
static,Socio_economic_Poverty_Rates,9,0.08107341
static,Communication_Affordability,9,0.10501754
static,Socio_economic_GDP_per_capita,9,0.112121806
static,Socio_economic_Employment_Rates,9,0.11111905
static,Socio_economic_Education_Levels,9,0.07640879
static,Endemic_Potential_R0,10,0.081355885
static,Endemic_Potential_Duration,10,0.09674467
static,Demography_Urban_Rural_Split,10,0.077709526
static,Demography_Population_Density,10,0.0851633
static,Environmental_Index,10,0.091191486
static,Socio_economic_Gini_Index,10,0.07597425
static,Socio_economic_Poverty_Rates,10,0.08222031
static,Communication_Affordability,10,0.09753744
static,Socio_economic_GDP_per_capita,10,0.11841742
static,Socio_economic_Employment_Rates,10,0.1136708
static,Socio_economic_Education_Levels,10,0.08001489
static,Endemic_Potential_R0,11,0.081908196
static,Endemic_Potential_Duration,11,0.09642099
static,Demography_Urban_Rural_Split,11,0.0828821
static,Demography_Population_Density,11,0.08316669
static,Environmental_Index,11,0.09353326
static,Socio_economic_Gini_Index,11,0.07738345
static,Socio_economic_Poverty_Rates,11,0.07996869
static,Communication_Affordability,11,0.10019106
static,Socio_economic_GDP_per_capita,11,0.11247195
static,Socio_economic_Employment_Rates,11,0.1148594
static,Socio_economic_Education_Levels,11,0.07721422
static,Endemic_Potential_R0,12,0.080095135
static,Endemic_Potential_Duration,12,0.09559993
static,Demography_Urban_Rural_Split,12,0.08285348
static,Demography_Population_Density,12,0.08314655
static,Environmental_Index,12,0.09122107
static,Socio_economic_Gini_Index,12,0.077582225
static,Socio_economic_Poverty_Rates,12,0.08170489
static,Communication_Affordability,12,0.10139799
static,Socio_economic_GDP_per_capita,12,0.11236739
static,Socio_economic_Employment_Rates,12,0.11535229
static,Socio_economic_Education_Levels,12,0.07867908
static,Endemic_Potential_R0,13,0.081156194
static,Endemic_Potential_Duration,13,0.09414839
static,Demography_Urban_Rural_Split,13,0.08371757
static,Demography_Population_Density,13,0.084878966
static,Environmental_Index,13,0.09579657
static,Socio_economic_Gini_Index,13,0.077106066
static,Socio_economic_Poverty_Rates,13,0.0808575
static,Communication_Affordability,13,0.10182519
static,Socio_economic_GDP_per_capita,13,0.11019631
static,Socio_economic_Employment_Rates,13,0.11237075
static,Socio_economic_Education_Levels,13,0.07794652
static,Endemic_Potential_R0,14,0.07954632
static,Endemic_Potential_Duration,14,0.09446787
static,Demography_Urban_Rural_Split,14,0.085239135
static,Demography_Population_Density,14,0.086593926
static,Environmental_Index,14,0.09534031
static,Socio_economic_Gini_Index,14,0.075844646
static,Socio_economic_Poverty_Rates,14,0.08061737
static,Communication_Affordability,14,0.09981828
static,Socio_economic_GDP_per_capita,14,0.11263726
static,Socio_economic_Employment_Rates,14,0.11310933
static,Socio_economic_Education_Levels,14,0.0767856
static,Endemic_Potential_R0,15,0.07992605
static,Endemic_Potential_Duration,15,0.09814175
static,Demography_Urban_Rural_Split,15,0.080836885
static,Demography_Population_Density,15,0.08514327
static,Environmental_Index,15,0.09179279
static,Socio_economic_Gini_Index,15,0.07639417
static,Socio_economic_Poverty_Rates,15,0.0805223
static,Communication_Affordability,15,0.09995289
static,Socio_economic_GDP_per_capita,15,0.117459975
static,Socio_economic_Employment_Rates,15,0.11331564
static,Socio_economic_Education_Levels,15,0.07651425
static,Endemic_Potential_R0,16,0.07989158
static,Endemic_Potential_Duration,16,0.09656327
static,Demography_Urban_Rural_Split,16,0.08081657
static,Demography_Population_Density,16,0.087428264
static,Environmental_Index,16,0.095780805
static,Socio_economic_Gini_Index,16,0.076077394
static,Socio_economic_Poverty_Rates,16,0.07838242
static,Communication_Affordability,16,0.10126148
static,Socio_economic_GDP_per_capita,16,0.11210998
static,Socio_economic_Employment_Rates,16,0.116911545
static,Socio_economic_Education_Levels,16,0.0747767
static,Endemic_Potential_R0,17,0.07835609
static,Endemic_Potential_Duration,17,0.09392145
static,Demography_Urban_Rural_Split,17,0.080163345
static,Demography_Population_Density,17,0.084242776
static,Environmental_Index,17,0.09608604
static,Socio_economic_Gini_Index,17,0.0770032
static,Socio_economic_Poverty_Rates,17,0.08281324
static,Communication_Affordability,17,0.10341845
static,Socio_economic_GDP_per_capita,17,0.1132668
static,Socio_economic_Employment_Rates,17,0.11371483
static,Socio_economic_Education_Levels,17,0.077013806
static,Endemic_Potential_R0,18,0.07802674
static,Endemic_Potential_Duration,18,0.096104205
static,Demography_Urban_Rural_Split,18,0.08099149
static,Demography_Population_Density,18,0.08668156
static,Environmental_Index,18,0.09399827
static,Socio_economic_Gini_Index,18,0.074528754
static,Socio_economic_Poverty_Rates,18,0.08262291
static,Communication_Affordability,18,0.099485226
static,Socio_economic_GDP_per_capita,18,0.116647676
static,Socio_economic_Employment_Rates,18,0.11163358
static,Socio_economic_Education_Levels,18,0.07927958
static,Endemic_Potential_R0,19,0.07716798
static,Endemic_Potential_Duration,19,0.096888505
static,Demography_Urban_Rural_Split,19,0.08063218
static,Demography_Population_Density,19,0.084037416
static,Environmental_Index,19,0.09343863
static,Socio_economic_Gini_Index,19,0.07618372
static,Socio_economic_Poverty_Rates,19,0.083409525
static,Communication_Affordability,19,0.101735756
static,Socio_economic_GDP_per_capita,19,0.11206319
static,Socio_economic_Employment_Rates,19,0.115579866
static,Socio_economic_Education_Levels,19,0.0788632
static,Endemic_Potential_R0,20,0.079941526
static,Endemic_Potential_Duration,20,0.09558504
static,Demography_Urban_Rural_Split,20,0.078552045
static,Demography_Population_Density,20,0.08260697
static,Environmental_Index,20,0.09433008
static,Socio_economic_Gini_Index,20,0.07512589
static,Socio_economic_Poverty_Rates,20,0.08238891
static,Communication_Affordability,20,0.10357942
static,Socio_economic_GDP_per_capita,20,0.1182663
static,Socio_economic_Employment_Rates,20,0.11182432
static,Socio_economic_Education_Levels,20,0.077799544
static,Endemic_Potential_R0,21,0.07960359
static,Endemic_Potential_Duration,21,0.09633328
static,Demography_Urban_Rural_Split,21,0.0817753
static,Demography_Population_Density,21,0.08628319
static,Environmental_Index,21,0.09400514
static,Socio_economic_Gini_Index,21,0.07514266
static,Socio_economic_Poverty_Rates,21,0.08176887
static,Communication_Affordability,21,0.102833495
static,Socio_economic_GDP_per_capita,21,0.11424494
static,Socio_economic_Employment_Rates,21,0.10924691
static,Socio_economic_Education_Levels,21,0.07876266
static,Endemic_Potential_R0,22,0.079073176
static,Endemic_Potential_Duration,22,0.093941495
static,Demography_Urban_Rural_Split,22,0.08142333
static,Demography_Population_Density,22,0.086839184
static,Environmental_Index,22,0.09810142
static,Socio_economic_Gini_Index,22,0.07568334
static,Socio_economic_Poverty_Rates,22,0.07924219
static,Communication_Affordability,22,0.101871446
static,Socio_economic_GDP_per_capita,22,0.11181971
static,Socio_economic_Employment_Rates,22,0.1143857
static,Socio_economic_Education_Levels,22,0.07761896
static,Endemic_Potential_R0,23,0.07991951
static,Endemic_Potential_Duration,23,0.09767494
static,Demography_Urban_Rural_Split,23,0.07999389
static,Demography_Population_Density,23,0.08470028
static,Environmental_Index,23,0.09037832
static,Socio_economic_Gini_Index,23,0.076267175
static,Socio_economic_Poverty_Rates,23,0.080873944
static,Communication_Affordability,23,0.10060475
static,Socio_economic_GDP_per_capita,23,0.1150285
static,Socio_economic_Employment_Rates,23,0.11604792
static,Socio_economic_Education_Levels,23,0.07851072
static,Endemic_Potential_R0,24,0.08191113
static,Endemic_Potential_Duration,24,0.09651148
static,Demography_Urban_Rural_Split,24,0.0813815
static,Demography_Population_Density,24,0.086803846
static,Environmental_Index,24,0.09296171
static,Socio_economic_Gini_Index,24,0.07716255
static,Socio_economic_Poverty_Rates,24,0.08109192
static,Communication_Affordability,24,0.10068709
static,Socio_economic_GDP_per_capita,24,0.111202516
static,Socio_economic_Employment_Rates,24,0.11163535
static,Socio_economic_Education_Levels,24,0.0786509
static,Endemic_Potential_R0,25,0.0777964
static,Endemic_Potential_Duration,25,0.09735452
static,Demography_Urban_Rural_Split,25,0.08370352
static,Demography_Population_Density,25,0.08624786
static,Environmental_Index,25,0.092884466
static,Socio_economic_Gini_Index,25,0.074877866
static,Socio_economic_Poverty_Rates,25,0.080924615
static,Communication_Affordability,25,0.09879871
static,Socio_economic_GDP_per_capita,25,0.11460952
static,Socio_economic_Employment_Rates,25,0.116244376
static,Socio_economic_Education_Levels,25,0.0765581
static,Endemic_Potential_R0,26,0.081791796
static,Endemic_Potential_Duration,26,0.09708492
static,Demography_Urban_Rural_Split,26,0.08034458
static,Demography_Population_Density,26,0.084782556
static,Environmental_Index,26,0.090662144
static,Socio_economic_Gini_Index,26,0.07695637
static,Socio_economic_Poverty_Rates,26,0.08047225
static,Communication_Affordability,26,0.100983165
static,Socio_economic_GDP_per_capita,26,0.11631714
static,Socio_economic_Employment_Rates,26,0.11286326
static,Socio_economic_Education_Levels,26,0.07774179
static,Endemic_Potential_R0,27,0.07985325
static,Endemic_Potential_Duration,27,0.09492331
static,Demography_Urban_Rural_Split,27,0.07908197
static,Demography_Population_Density,27,0.08379658
static,Environmental_Index,27,0.09495906
static,Socio_economic_Gini_Index,27,0.073811665
static,Socio_economic_Poverty_Rates,27,0.08462591
static,Communication_Affordability,27,0.10036649
static,Socio_economic_GDP_per_capita,27,0.11545934
static,Socio_economic_Employment_Rates,27,0.11679401
static,Socio_economic_Education_Levels,27,0.07632842
static,Endemic_Potential_R0,28,0.07763989
static,Endemic_Potential_Duration,28,0.09522076
static,Demography_Urban_Rural_Split,28,0.08090885
static,Demography_Population_Density,28,0.08549108
static,Environmental_Index,28,0.09469412
static,Socio_economic_Gini_Index,28,0.07339682
static,Socio_economic_Poverty_Rates,28,0.07819082
static,Communication_Affordability,28,0.104331516
static,Socio_economic_GDP_per_capita,28,0.11789031
static,Socio_economic_Employment_Rates,28,0.1144167
static,Socio_economic_Education_Levels,28,0.077819124
static,Endemic_Potential_R0,29,0.08098593
static,Endemic_Potential_Duration,29,0.09606315
static,Demography_Urban_Rural_Split,29,0.08031578
static,Demography_Population_Density,29,0.08758273
static,Environmental_Index,29,0.09336107
static,Socio_economic_Gini_Index,29,0.07657298
static,Socio_economic_Poverty_Rates,29,0.08147764
static,Communication_Affordability,29,0.09920599
static,Socio_economic_GDP_per_capita,29,0.11292473
static,Socio_economic_Employment_Rates,29,0.11527598
static,Socio_economic_Education_Levels,29,0.076234
unknown,Frequency_of_outbreaks,0,0.21306333
unknown,Magnitude_of_outbreaks_Deaths,0,0.16208428
unknown,Magnitude_of_outbreaks_Infected,0,0.22343814
unknown,Magnitude_of_outbreaks_Severity_Index,0,0.23120745
unknown,Security_and_Conflict_Index,0,0.17020684
unknown,Frequency_of_outbreaks,1,0.21439512
unknown,Magnitude_of_outbreaks_Deaths,1,0.16227654
unknown,Magnitude_of_outbreaks_Infected,1,0.23080914
unknown,Magnitude_of_outbreaks_Severity_Index,1,0.21099803
unknown,Security_and_Conflict_Index,1,0.18152116
unknown,Frequency_of_outbreaks,2,0.21804531
unknown,Magnitude_of_outbreaks_Deaths,2,0.15260349
unknown,Magnitude_of_outbreaks_Infected,2,0.22476122
unknown,Magnitude_of_outbreaks_Severity_Index,2,0.22412547
unknown,Security_and_Conflict_Index,2,0.18046448
unknown,Frequency_of_outbreaks,3,0.21797645
unknown,Magnitude_of_outbreaks_Deaths,3,0.15556799
unknown,Magnitude_of_outbreaks_Infected,3,0.22545786
unknown,Magnitude_of_outbreaks_Severity_Index,3,0.22596864
unknown,Security_and_Conflict_Index,3,0.17502901
unknown,Frequency_of_outbreaks,4,0.21544206
unknown,Magnitude_of_outbreaks_Deaths,4,0.15833554
unknown,Magnitude_of_outbreaks_Infected,4,0.23201779
unknown,Magnitude_of_outbreaks_Severity_Index,4,0.22086346
unknown,Security_and_Conflict_Index,4,0.17334117
unknown,Frequency_of_outbreaks,5,0.21696696
unknown,Magnitude_of_outbreaks_Deaths,5,0.15095845
unknown,Magnitude_of_outbreaks_Infected,5,0.22715259
unknown,Magnitude_of_outbreaks_Severity_Index,5,0.22966428
unknown,Security_and_Conflict_Index,5,0.17525773
unknown,Frequency_of_outbreaks,6,0.21243174
unknown,Magnitude_of_outbreaks_Deaths,6,0.15537986
unknown,Magnitude_of_outbreaks_Infected,6,0.22772186
unknown,Magnitude_of_outbreaks_Severity_Index,6,0.22286603
unknown,Security_and_Conflict_Index,6,0.18160054
unknown,Frequency_of_outbreaks,7,0.21355751
unknown,Magnitude_of_outbreaks_Deaths,7,0.1595455
unknown,Magnitude_of_outbreaks_Infected,7,0.2245023
unknown,Magnitude_of_outbreaks_Severity_Index,7,0.22930722
unknown,Security_and_Conflict_Index,7,0.17308746
unknown,Frequency_of_outbreaks,8,0.2134442
unknown,Magnitude_of_outbreaks_Deaths,8,0.14916514
unknown,Magnitude_of_outbreaks_Infected,8,0.2230424
unknown,Magnitude_of_outbreaks_Severity_Index,8,0.23438692
unknown,Security_and_Conflict_Index,8,0.1799613
unknown,Frequency_of_outbreaks,9,0.21770987
unknown,Magnitude_of_outbreaks_Deaths,9,0.1624837
unknown,Magnitude_of_outbreaks_Infected,9,0.2278271
unknown,Magnitude_of_outbreaks_Severity_Index,9,0.21542664
unknown,Security_and_Conflict_Index,9,0.17655268
unknown,Frequency_of_outbreaks,10,0.21424067
unknown,Magnitude_of_outbreaks_Deaths,10,0.17093681
unknown,Magnitude_of_outbreaks_Infected,10,0.22973835
unknown,Magnitude_of_outbreaks_Severity_Index,10,0.20588994
unknown,Security_and_Conflict_Index,10,0.17919424
unknown,Frequency_of_outbreaks,11,0.21596026
unknown,Magnitude_of_outbreaks_Deaths,11,0.16215701
unknown,Magnitude_of_outbreaks_Infected,11,0.22381215
unknown,Magnitude_of_outbreaks_Severity_Index,11,0.22305429
unknown,Security_and_Conflict_Index,11,0.17501628
unknown,Frequency_of_outbreaks,12,0.21145539
unknown,Magnitude_of_outbreaks_Deaths,12,0.15749563
unknown,Magnitude_of_outbreaks_Infected,12,0.224738
unknown,Magnitude_of_outbreaks_Severity_Index,12,0.22810197
unknown,Security_and_Conflict_Index,12,0.17820902
unknown,Frequency_of_outbreaks,13,0.21772876
unknown,Magnitude_of_outbreaks_Deaths,13,0.15923677
unknown,Magnitude_of_outbreaks_Infected,13,0.23217687
unknown,Magnitude_of_outbreaks_Severity_Index,13,0.2180388
unknown,Security_and_Conflict_Index,13,0.17281875
unknown,Frequency_of_outbreaks,14,0.20871527
unknown,Magnitude_of_outbreaks_Deaths,14,0.16208132
unknown,Magnitude_of_outbreaks_Infected,14,0.22758958
unknown,Magnitude_of_outbreaks_Severity_Index,14,0.2271227
unknown,Security_and_Conflict_Index,14,0.1744911
unknown,Frequency_of_outbreaks,15,0.21772864
unknown,Magnitude_of_outbreaks_Deaths,15,0.1562988
unknown,Magnitude_of_outbreaks_Infected,15,0.22826545
unknown,Magnitude_of_outbreaks_Severity_Index,15,0.21384493
unknown,Security_and_Conflict_Index,15,0.18386222
unknown,Frequency_of_outbreaks,16,0.21287024
unknown,Magnitude_of_outbreaks_Deaths,16,0.1548958
unknown,Magnitude_of_outbreaks_Infected,16,0.22952886
unknown,Magnitude_of_outbreaks_Severity_Index,16,0.22832155
unknown,Security_and_Conflict_Index,16,0.1743836
unknown,Frequency_of_outbreaks,17,0.21437053
unknown,Magnitude_of_outbreaks_Deaths,17,0.15492725
unknown,Magnitude_of_outbreaks_Infected,17,0.23482077
unknown,Magnitude_of_outbreaks_Severity_Index,17,0.21331827
unknown,Security_and_Conflict_Index,17,0.18256319
unknown,Frequency_of_outbreaks,18,0.21755429
unknown,Magnitude_of_outbreaks_Deaths,18,0.1589427
unknown,Magnitude_of_outbreaks_Infected,18,0.23009749
unknown,Magnitude_of_outbreaks_Severity_Index,18,0.21776433
unknown,Security_and_Conflict_Index,18,0.17564127
unknown,Frequency_of_outbreaks,19,0.20388937
unknown,Magnitude_of_outbreaks_Deaths,19,0.16728462
unknown,Magnitude_of_outbreaks_Infected,19,0.22492826
unknown,Magnitude_of_outbreaks_Severity_Index,19,0.22455159
unknown,Security_and_Conflict_Index,19,0.17934617
unknown,Frequency_of_outbreaks,20,0.2172461
unknown,Magnitude_of_outbreaks_Deaths,20,0.16213517
unknown,Magnitude_of_outbreaks_Infected,20,0.22022252
unknown,Magnitude_of_outbreaks_Severity_Index,20,0.22757754
unknown,Security_and_Conflict_Index,20,0.17281866
unknown,Frequency_of_outbreaks,21,0.22332409
unknown,Magnitude_of_outbreaks_Deaths,21,0.1619622
unknown,Magnitude_of_outbreaks_Infected,21,0.24441679
unknown,Magnitude_of_outbreaks_Severity_Index,21,0.20506147
unknown,Security_and_Conflict_Index,21,0.16523546
unknown,Frequency_of_outbreaks,22,0.21415155
unknown,Magnitude_of_outbreaks_Deaths,22,0.15172979
unknown,Magnitude_of_outbreaks_Infected,22,0.23169358
unknown,Magnitude_of_outbreaks_Severity_Index,22,0.22863045
unknown,Security_and_Conflict_Index,22,0.17379461
unknown,Frequency_of_outbreaks,23,0.21108934
unknown,Magnitude_of_outbreaks_Deaths,23,0.16772364
unknown,Magnitude_of_outbreaks_Infected,23,0.21940756
unknown,Magnitude_of_outbreaks_Severity_Index,23,0.22960313
unknown,Security_and_Conflict_Index,23,0.17217635
unknown,Frequency_of_outbreaks,24,0.21801484
unknown,Magnitude_of_outbreaks_Deaths,24,0.14991005
unknown,Magnitude_of_outbreaks_Infected,24,0.23398988
unknown,Magnitude_of_outbreaks_Severity_Index,24,0.2270734
unknown,Security_and_Conflict_Index,24,0.17101182
unknown,Frequency_of_outbreaks,25,0.2136863
unknown,Magnitude_of_outbreaks_Deaths,25,0.17001122
unknown,Magnitude_of_outbreaks_Infected,25,0.2187297
unknown,Magnitude_of_outbreaks_Severity_Index,25,0.2205147
unknown,Security_and_Conflict_Index,25,0.17705807
unknown,Frequency_of_outbreaks,26,0.22233911
unknown,Magnitude_of_outbreaks_Deaths,26,0.15846825
unknown,Magnitude_of_outbreaks_Infected,26,0.22918494
unknown,Magnitude_of_outbreaks_Severity_Index,26,0.21303329
unknown,Security_and_Conflict_Index,26,0.17697442
unknown,Frequency_of_outbreaks,27,0.21377997
unknown,Magnitude_of_outbreaks_Deaths,27,0.1560525
unknown,Magnitude_of_outbreaks_Infected,27,0.22567339
unknown,Magnitude_of_outbreaks_Severity_Index,27,0.22104314
unknown,Security_and_Conflict_Index,27,0.18345103
unknown,Frequency_of_outbreaks,28,0.21157542
unknown,Magnitude_of_outbreaks_Deaths,28,0.15728964
unknown,Magnitude_of_outbreaks_Infected,28,0.22569199
unknown,Magnitude_of_outbreaks_Severity_Index,28,0.23164408
unknown,Security_and_Conflict_Index,28,0.17379889
unknown,Frequency_of_outbreaks,29,0.21423197
unknown,Magnitude_of_outbreaks_Deaths,29,0.1610287
unknown,Magnitude_of_outbreaks_Infected,29,0.23173967
unknown,Magnitude_of_outbreaks_Severity_Index,29,0.21555667
unknown,Security_and_Conflict_Index,29,0.177443
